rank,worker_index,trial_number,usable_at_end_count,usable_at_end_fraction,usable_ever_count,entered_capture_region_count,runtime_seconds,blue_detuning_gamma,blue_s0,blue_waist_m,core_shell_split_radius_m,green_detuning_gamma,green_s0,green_waist_m,magnetic_gradient_G_cm
1,2,96,424,0.7066666666666667,424,541,778.9889685171656,-0.7927560798500614,1.4298956875579136,0.007402882585438528,0.002539906066848852,-18.373473780336884,18.138373528546254,0.006502323094964329,5.007283737669036
2,2,99,418,0.6966666666666667,430,454,774.9250291199423,-2.194909993015828,1.4430218237923031,0.00733552676927441,0.0033121883225964485,-14.540716663799069,10.923819196089145,0.00661568872385978,5.330287042448454
3,1,82,409,0.6816666666666666,413,494,782.0286413654685,-1.9835962062293637,1.2973418366700562,0.007213396680409177,0.003680056165670996,-7.199526977815593,34.14805058752245,0.007317870418519888,5.814761913539337
4,1,71,407,0.6783333333333333,407,550,785.7495820000768,-0.8065604815850405,1.364666648968121,0.006997624430990029,0.0025013087934133084,-14.29445950919626,24.321486166071516,0.005739419319596855,4.172530400390499
5,2,100,406,0.6766666666666666,408,472,772.560506423004,-1.1213440808969477,1.4311380281593102,0.007182099662472322,0.0029029265636897664,-14.657535648295719,6.01619315516195,0.007164500787598026,5.393243626250204
6,0,66,404,0.6733333333333333,425,590,771.2891835775226,-3.0352569064056,1.2954217792711995,0.007344528101723373,0.003264693802828019,-16.818891347269684,18.318320812311274,0.0071922663975319545,5.927284645583046
7,0,71,403,0.6716666666666666,407,488,770.5993332397193,-1.0528667994722691,1.4126380931360065,0.007132443741463915,0.0027711283618338553,-7.058578340142218,15.6063128701192,0.0070137769544277905,5.551558052680128
8,2,87,399,0.665,400,404,754.6562643526122,-2.309890581560766,1.227444713947318,0.007452003108862606,0.0025145069849579695,-23.187582459272317,9.157105814610887,0.005938866122034435,5.114680053774986
9,2,92,396,0.66,405,460,772.1798309558071,-1.1986978472271295,1.2537402936093929,0.0073027882023500605,0.002512466001308294,-20.496129814697092,13.144743822112694,0.006205872708946937,4.2027231766367255
10,2,38,395,0.6583333333333333,397,545,737.5961590157822,-2.4342903215430507,0.9437174099739597,0.0073524218960735405,0.0026523862081714402,-26.212402197434145,12.849515907800086,0.0061151764804450205,5.775625780192697
11,2,89,394,0.6566666666666666,395,428,684.5439839120954,-1.8081344175527845,1.1773109560280945,0.007490840357564028,0.0033519729601157854,-19.312610440638235,13.495669002082055,0.006661586420828763,5.500103598045988
12,2,51,394,0.6566666666666666,412,580,773.7754851011559,-3.1242077564529174,1.1810095385356725,0.0074874956462001084,0.002648196535704678,-32.16719059892457,18.686218770654534,0.006252869663462904,5.219750221674108
13,2,107,391,0.6516666666666666,391,437,665.8313159220852,-1.248747865302732,1.4963400973946148,0.0073149039489357436,0.0028519960386947153,-16.121838123890218,13.43346217666736,0.006552638956512284,4.72945087695829
14,0,88,390,0.65,412,527,702.9781576078385,-0.9043132207223179,1.40137586665292,0.00699026173898524,0.00261579385678745,-8.770789740916564,9.340614146837327,0.006752627208638839,5.182677785747057
15,0,53,390,0.65,393,447,818.0007244199514,-1.9000830824458665,1.1356233520354548,0.007482034365518179,0.003459638115980641,-15.16683643875233,13.79856852762482,0.006896301155446361,5.232654365905479
16,1,77,389,0.6483333333333333,389,544,673.3060505092144,-0.7931164867412044,1.3612606121495174,0.007211431254692601,0.0025807339299356935,-15.36908346112123,22.844200716056083,0.0061936919429395314,3.8072068907178602
17,2,82,389,0.6483333333333333,389,454,675.6696274178103,-1.2939211389395422,1.1027172856421408,0.007373734757549596,0.0027997985570559786,-22.304718067753008,10.071191933330566,0.006467128875338473,5.5060700351695075
18,2,54,388,0.6466666666666666,389,465,670.7742186537944,-1.722436160178284,0.7782874379296971,0.007209684366241643,0.0028354897349899535,-16.809937596943588,7.886706588938271,0.006219546258103935,5.96294130019163
19,1,108,386,0.6433333333333333,386,466,667.4868679046631,-1.1920482203544116,1.1934987721841368,0.007025892561004609,0.0025898428269487705,-6.73635455447013,31.106403152421528,0.005691153318949667,3.9532371756810627
20,0,84,386,0.6433333333333333,407,444,688.1106602735817,-1.947120911366389,1.402616228719648,0.007469431931015891,0.003755024585923104,-10.944221821850787,13.448374242565166,0.007364863708267146,5.042255903952565
21,2,71,384,0.64,384,458,657.1383540979587,-2.1248181535785227,1.1418220559425893,0.006779006017343372,0.002993191580378895,-21.156048326748188,31.168419596868134,0.006867951548991514,4.9750922160741045
22,1,101,384,0.64,384,520,663.0405679941177,-0.9564734202329546,1.254237416785322,0.007220080364159919,0.0028115840300734773,-5.68966577580623,38.982742208445195,0.006324209262581934,4.483725571292971
23,0,58,384,0.64,393,450,759.7693540100008,-1.2365877590337955,1.372653101894011,0.007301043597048213,0.002887175592324941,-12.152729998719115,13.502693398363252,0.0068844974805581756,5.667103161910621
24,1,74,382,0.6366666666666667,386,535,675.5926861464977,-0.8158961130596372,1.3857577506966932,0.007277877426708765,0.002706666963354647,-9.674925449283078,39.477685259158534,0.006417186452846697,4.3817816063330985
25,2,72,380,0.6333333333333333,385,467,650.3190045971423,-1.3736125756818485,0.8455241993336526,0.0072554582030806185,0.00274880598609559,-21.553764571386576,1.7436275211629182,0.005774724295317801,5.921197978803363
26,1,110,379,0.6316666666666667,379,540,652.3954235762358,-0.7952776016279025,1.4443513272619701,0.007081509311125175,0.002691235424954203,-19.764438842774936,27.555849411312575,0.0057315262805995824,3.4848787893660504
27,2,80,379,0.6316666666666667,405,408,782.244011383038,-2.1550856918006946,1.1950007897234871,0.007496962863167651,0.0026606436442292024,-24.44299242340684,1.5806675993168013,0.006098072889734135,5.4197030974630165
28,2,61,378,0.63,379,546,655.5513975298963,-2.1210225766789743,0.6018103866213611,0.007259646581889193,0.0026917408554125812,-10.62679038451077,23.029817735319302,0.006540768882538672,5.210595429410925
29,2,44,375,0.625,376,452,622.9273338611238,-1.6863411265550603,0.8006413074903189,0.007370888300113567,0.0028635527204750287,-26.222784100172735,8.043318527086372,0.006094660943414954,5.731226082263342
30,2,85,375,0.625,375,516,629.1016462929547,-1.6107595864802766,0.7160854034608921,0.007450587335746515,0.0033591087648802836,-29.91514703432848,14.458723257400841,0.006449376791614606,5.64889379915721
31,0,34,373,0.6216666666666667,373,507,866.216765794903,-1.1433469347862886,1.266257859999024,0.006321016268682706,0.0025831459720388208,-19.033869064028988,36.28838609970041,0.006569277355921734,2.288221848621337
32,1,87,372,0.62,373,446,632.0337980911136,-1.6514597553801451,1.4095771936330441,0.0070798379482836455,0.003754304980511549,-6.9584902435950875,32.80912601721942,0.005904045518089711,5.385891297732214
33,0,24,372,0.62,377,512,859.5169003158808,-1.60071775138861,1.2046350977506137,0.007380584572095585,0.004252750897646662,-9.418692734824173,37.659035175487915,0.007259465317691015,5.517252028060298
34,2,105,371,0.6183333333333333,377,378,621.0748997977935,-2.16810229993697,1.4666449407163544,0.006912813579363635,0.0026129709143112878,-13.43568221883665,8.977934026872306,0.006424734865020968,5.7573572999813045
35,1,96,369,0.615,370,396,623.9221770465374,-1.5211583603480308,1.4822674522594637,0.007230805148419627,0.0031611246278620705,-5.040749814964229,24.880741170694527,0.006067857040979327,5.646873487434895
36,0,109,366,0.61,385,534,626.7615796308964,-0.7570203009976433,1.4861366812271564,0.00736934181133253,0.0027599258371236385,-9.71574157015931,13.47125209019813,0.006504117456634992,5.534360965548571
37,0,73,366,0.61,381,469,632.3469105120748,-2.287413802602487,1.388220697665212,0.0074640689542516655,0.0032639655706603174,-12.719678796047486,13.042731341009636,0.007449108187789941,5.19917855779019
38,0,55,366,0.61,371,389,762.2594141084701,-1.7328678253782135,1.075134700604158,0.00749545149857151,0.0026559157057613617,-11.702791173937783,15.559540456650746,0.006668377831375569,5.2816367839453155
39,0,51,364,0.6066666666666667,366,531,834.2558982465416,-1.1404329585700945,0.8373186928373277,0.007243531606876545,0.0028950938360736062,-12.114200470092225,15.657628077097977,0.0071300910625132444,5.19888169598144
40,2,97,363,0.605,363,363,602.635204771068,-2.1072164972321814,1.4148199013764498,0.007216462331042618,0.0027396528718000666,-20.037571178251596,23.446763015066985,0.006568900526246331,5.11714915452613
41,1,79,363,0.605,363,443,615.0996187478304,-1.1792021482993893,1.4652240781365407,0.007313584007811138,0.0034602858230313948,-7.115702929390498,28.534461404251147,0.006325225703672479,5.65554119126659
42,2,57,363,0.605,364,475,615.6493325489573,-1.7971227801188567,0.5817431985606505,0.007361348739267024,0.0026185751135523404,-12.973472613608287,12.611377203045802,0.006049468717972443,5.02290702470941
43,1,66,363,0.605,363,418,617.1965287178755,-1.3431408823837812,1.2634918215758488,0.007014544346346129,0.002567931124599306,-11.40641062125394,20.11571607086575,0.005026416002840619,2.996236110401359
44,2,30,363,0.605,402,581,677.9153347006068,-2.754600333558114,1.0170113619647951,0.0073911112390293845,0.0033974071238105866,-14.064370715636988,24.625424175375528,0.006256021281917395,5.887619447106661
45,0,56,362,0.6033333333333334,362,568,766.465153042227,-2.844061312196021,1.288078185122577,0.007208296892141787,0.0036066753725770783,-19.51946884826445,14.712019286382331,0.006623984920065136,4.103328711339049
46,1,105,361,0.6016666666666667,361,507,614.7079574987292,-1.1542395556387648,0.9812213641068148,0.007341989577587052,0.003204370189141253,-5.743481657781984,29.04987441954607,0.007252839381061899,5.405480100572954
47,0,40,361,0.6016666666666667,361,488,845.7253919132054,-1.471183431800823,0.8553497761633166,0.007301287961639662,0.0032569960248695993,-7.158968151572157,30.532199603736476,0.006736321428730345,5.2525280667052305
48,1,88,358,0.5966666666666667,366,485,620.700717099011,-1.5721393514722464,1.471299110653177,0.007383564185285147,0.0043371149176097395,-8.440010259603515,25.26353463179292,0.005755979906980673,5.555766183729403
49,0,82,358,0.5966666666666667,360,566,626.8657140210271,-2.539464962282348,0.8895174513986199,0.007126070573062491,0.0032539348208846094,-19.800826522317454,17.937060561614725,0.007470263907311433,5.449805867941738
50,0,97,357,0.595,369,573,642.6473203804344,-2.792007848903835,1.137620387540104,0.0073842248671117106,0.0035416918821724406,-7.646429432845247,17.327245863952747,0.006600934662005776,4.886585885090001
51,0,47,356,0.5933333333333334,357,524,820.119685234502,-1.312425315914211,0.6404728919132162,0.0072368839713625975,0.002521794500461814,-10.08752261750032,15.615542288438247,0.006090868820179789,3.036538950626495
52,2,25,355,0.5916666666666667,355,561,618.725947253406,-2.633408144804981,1.0699728735778553,0.0073867319049868985,0.0037170225610276843,-21.790969244316468,31.04858871538023,0.006900296873337069,4.565006842566325
53,0,72,354,0.59,378,469,618.293863337487,-2.0183337342012577,1.188093024396001,0.006685041493552551,0.003099955219309012,-9.794152556593865,16.3147194028154,0.007058473737344446,5.812724009005305
54,1,99,354,0.59,357,569,640.1915600076318,-3.0496196145707373,1.3269432098598075,0.006955343082235922,0.0026629865203410276,-13.261437678239556,23.268717496171153,0.006202913721404208,4.818268437392712
55,1,114,353,0.5883333333333334,355,566,611.0269721746445,-0.7151578242549528,1.231749390416907,0.006992745394268224,0.0026135266494515504,-6.409873842864216,37.888529242197045,0.006048367623254241,5.2903771272684
56,0,65,353,0.5883333333333334,374,398,613.8827860914171,-1.7681141430608747,0.9931942206606791,0.0074656398514960235,0.0026703800694353663,-8.033047618527792,15.53808051439746,0.00709202667536527,5.241061480040491
57,2,111,352,0.5866666666666667,352,454,595.1255492987111,-1.239597415335557,1.488893051397402,0.006615924165253872,0.00318350757980871,-17.767529807141774,18.513629613142687,0.007237054098611188,5.426038925566964
58,1,85,352,0.5866666666666667,352,359,600.518878929317,-2.2290532880857428,1.3724840400096774,0.006882108401254305,0.0027118793242045555,-18.83783597545031,28.525525137444166,0.006494183183447744,4.078505961537432
59,0,114,352,0.5866666666666667,367,409,613.9753356650472,-1.4708881427127816,1.2818369582425686,0.00734754633654935,0.002944177467619982,-11.07209454215765,21.535370427499817,0.006393075364833984,5.4425487529714065
60,0,77,351,0.585,351,510,595.3913258127868,-0.8481671212013662,1.4596904531090216,0.007473095000894976,0.0033147611850003543,-5.515253652736191,28.66021700836788,0.005823187523822541,5.795428033477071
61,1,78,350,0.5833333333333334,350,484,600.1911492720246,-0.9850042972395359,1.415216354285162,0.007236939144587276,0.0030838714112007837,-5.581188388202861,25.502502294181486,0.006103574665824168,4.882605637559681
62,1,68,348,0.58,349,471,598.1339029446244,-1.1739464816176635,1.2261719959702782,0.007146466699348051,0.003132148665967264,-14.873106242076382,20.577053771246153,0.005031944477528472,3.9071039994272887
63,0,113,348,0.58,349,428,605.2032920271158,-1.873071742486313,1.258506050925877,0.007308096973225566,0.0037717269336981526,-13.347539861774903,13.220353088848213,0.00748459860710726,3.9988079770737492
64,1,73,347,0.5783333333333334,347,564,600.0411729365587,-0.7098718634214684,1.2239965161081308,0.00721430627110284,0.002617866936441509,-16.09985284929793,30.05864302914397,0.006305890507576881,4.355584757439933
65,2,98,346,0.5766666666666667,346,346,591.3901738706045,-2.0804890562630116,1.4039272979144912,0.007338013728229491,0.0025784702289624946,-16.985953699119577,12.660113901427737,0.00571867054783214,5.172626348814414
66,0,111,346,0.5766666666666667,346,367,601.0937251038849,-1.612667071200363,1.4252220619165004,0.007395211153555899,0.0030437928223197553,-14.844208347629149,8.726748003431753,0.006436377141606011,4.687800758645623
67,0,92,346,0.5766666666666667,375,533,603.5777058843523,-0.8925502943968597,1.442824415990731,0.006739711244545486,0.0027835644024434723,-9.129612995404425,11.927950716568299,0.006566574938343467,5.358557943491123
68,0,103,345,0.575,348,569,605.8209529966116,-2.55239634204325,1.2889444026659165,0.007038866843627683,0.0029748282536051847,-19.28063447952079,19.766455460167847,0.007279310907019356,5.987349532749111
69,0,60,345,0.575,359,444,642.8534603565931,-1.591800211771986,1.443860991406838,0.007006618103261723,0.003826709700650286,-13.83075224603853,15.605681006319063,0.006553807639653544,5.046638758675908
70,1,55,343,0.5716666666666667,343,519,596.8853804692626,-0.8464998786971608,1.393155327033169,0.007454455174094319,0.0030424442931335956,-12.094823412266395,20.75472203900651,0.005156539106290133,2.585647158229813
71,1,109,343,0.5716666666666667,350,485,597.5430119931698,-1.3965993890688269,0.8778598216804473,0.007014497856876117,0.0029800707819939826,-10.56542260917129,31.483492405265867,0.0069076413895811355,4.709160228725862
72,1,86,343,0.5716666666666667,358,385,598.2828788310289,-1.685739166470047,1.4208887591579258,0.0066373866387328916,0.002837482317310042,-8.387575130936069,18.241273101517415,0.00542025487167021,5.967449635332946
73,0,75,342,0.57,345,489,590.0181112959981,-1.4188453986749217,1.3860747599912862,0.0073850003899343375,0.004360164323688067,-6.369123590514835,28.548880844578754,0.007240445647968728,5.9229512190775955
74,2,39,342,0.57,352,566,620.8809930500574,-2.8291135494440067,1.1374821007700664,0.007200029687088635,0.002782354683228637,-29.858405433429283,12.955767493041568,0.005947898677659618,5.101441281699467
75,0,54,342,0.57,343,427,757.445304684341,-1.4509096579912146,1.0099095942433016,0.007093572824934813,0.0027286650184265783,-5.279263458685348,9.95845717439844,0.006201567029085995,2.646098592204532
76,1,89,340,0.5666666666666667,342,481,592.085505142808,-1.344487228437567,1.363043283982668,0.007409463440497858,0.004300361478114948,-8.003322425698594,38.53137344691932,0.007134951218520513,5.891113538744981
77,0,115,339,0.565,358,561,622.6555908024311,-0.6662587053781963,1.3814557129007357,0.007265624989939375,0.0026185320142106793,-9.830034970654467,10.20818864400038,0.0069553745603279865,5.153220459060343
78,2,67,338,0.5633333333333334,338,552,592.0556866466068,-1.0224684095318373,0.7643702990148846,0.007105886403189439,0.0025545690005318376,-13.6677248490883,21.10928601629314,0.006154618939730829,5.625428502435882
79,1,113,337,0.5616666666666666,343,499,593.3253457173705,-1.1773425789974041,1.1189474331402356,0.007403893911176341,0.0036670758138835804,-14.810273397912152,26.806026368257342,0.007290447095164747,5.385924501710243
80,0,89,337,0.5616666666666666,365,568,621.0893945433199,-3.1202876817553484,1.463830587606526,0.006881661981759815,0.002517842730898722,-10.620999047382416,6.387593417060884,0.006064499729192673,4.949914987140017
81,2,84,335,0.5583333333333333,335,550,578.675220547244,-1.3016268636026453,0.67560533167944,0.007443765448355961,0.0034918553493793526,-21.964021897746637,3.4333917672504626,0.005544986559742123,5.449396013775299
82,1,75,335,0.5583333333333333,335,544,589.2233167141676,-1.1337479159825052,0.8697421845400011,0.007390954727428752,0.0034328163655381145,-14.544106955909164,39.92944900340985,0.006003447860725281,4.838924173092766
83,1,44,334,0.5566666666666666,334,485,587.0298424139619,-1.264944569264904,1.4116088905723356,0.005595833041124016,0.002689798202973543,-12.780432736509525,25.525929128483554,0.005630809707216199,4.398221930609143
84,1,65,333,0.555,333,374,585.3779177069664,-1.37710535087347,1.4045754572725886,0.007479143089429907,0.0026052439050368004,-12.601056148162398,22.661352072958188,0.005324050564222563,1.7853735937700834
85,2,64,332,0.5533333333333333,337,566,597.2792810690589,-2.412645932935053,0.6695725137539645,0.0071938380169132635,0.002811075120158915,-11.700335372020893,36.91406103391735,0.006469779171943582,4.711465705542122
86,0,30,332,0.5533333333333333,333,437,786.3292581252754,-1.3823123299090168,1.3766919025391242,0.006266605132633156,0.0027964094380885656,-22.27799032314881,35.979029538394016,0.007271070337145474,2.989716489012895
87,0,78,331,0.5516666666666666,382,384,600.0358007736504,-1.9432557239803976,1.4133238808997834,0.007305056211136139,0.002828642834414976,-9.26550415677112,8.991900395685764,0.007191058097499907,5.862641992170809
88,2,76,330,0.55,330,462,574.8419597549364,-1.3600967434014872,1.292229159016458,0.006238264115935623,0.0030293281138110903,-22.141421023718376,29.556329321745103,0.00669403999901965,4.862205355669602
89,2,102,330,0.55,339,494,578.1225640717894,-1.402381845667552,1.3675030704866515,0.007016445881339257,0.004130846897140937,-8.681250364549356,18.027330932150537,0.006727733175098061,5.255004458995506
90,0,110,329,0.5483333333333333,329,329,575.3690528552979,-2.0372272662330557,1.4487992116242503,0.007466435219634437,0.0027201851905453225,-12.627901103872864,18.795506886316716,0.00733012862600767,4.59332351766468
91,0,63,329,0.5483333333333333,329,351,594.9647001996636,-1.8738483553010847,1.2013316805826564,0.007259397456415726,0.002807906287040937,-16.997979392915564,14.630308050899771,0.006590191420959155,3.970113897044306
92,0,95,328,0.5466666666666666,330,369,571.3207121454179,-1.5890675767025724,1.44948567149874,0.006670954507225867,0.0026863220468601665,-5.857212356864991,7.700582599569877,0.007314925337903831,3.9825702250477804
93,1,103,327,0.545,330,351,580.7248076573014,-1.7271663075861814,1.269736352630229,0.007372455662455077,0.0027579739367746214,-20.11007203257654,13.123319319604112,0.0063453333477139365,3.6172027456847466
94,0,46,327,0.545,327,557,779.3977518137544,-1.1174522933492663,0.6073328228926677,0.007177419542015725,0.0026258029806434996,-13.232604792145558,23.529808013648026,0.006772854818197811,5.406407517144978
95,2,110,323,0.5383333333333333,323,392,569.2474876209162,-1.3884674091001592,1.4466326078674598,0.007138220958227743,0.0032618056044562346,-17.718544046262938,24.82772793527286,0.005772094262933157,3.0081870849065733
96,0,91,323,0.5383333333333333,357,437,582.2579247076064,-1.5274872191206885,1.4286580355052707,0.007361095653934441,0.003937537190449411,-11.947607513310402,17.012840248310994,0.007224624244231354,5.123128814686229
97,2,53,323,0.5383333333333333,332,551,587.9655234632082,-2.6958674798762217,1.4352776535100804,0.007164929102531973,0.002874603727558156,-30.976157110365598,16.682857447268923,0.006772752662700793,5.239575733950113
98,1,111,319,0.5316666666666666,319,504,585.2497474402189,-0.8799544270049022,1.4738729119687908,0.00732795531391123,0.003412642893087574,-7.286547819312863,39.47510200039406,0.006690069470235415,4.092042208495463
99,1,35,319,0.5316666666666666,336,363,593.0663270801306,-2.3431035502035504,1.3755055641516756,0.006936297738023117,0.0029104483105579647,-24.11229989651487,30.298431556234014,0.0053771729619978,2.676147355298234
100,1,67,318,0.53,318,360,572.0894800871611,-1.6007394246830169,1.130070339272822,0.007493924708732227,0.0025861395925315047,-9.411749564802557,26.665027379935033,0.0050832235207859035,2.5527466238372067
101,1,92,317,0.5283333333333333,324,484,573.6001740992069,-0.9068050490094631,1.4964643614125355,0.007461627060090464,0.00359533268544118,-10.227964591893056,35.66487875488167,0.005647914216288457,5.776350254501862
102,1,107,316,0.5266666666666666,318,538,574.181650146842,-1.5607736172855413,1.0613949302086174,0.006755733933510531,0.003935164782896777,-7.376676503579594,21.92287229534911,0.007387244564640616,5.16459786322213
103,1,72,315,0.525,315,377,569.6569409966469,-1.5710333419877007,1.2097209570417438,0.007213766991341241,0.00283352116969942,-6.9443925002061935,26.90066179317627,0.006343767525098936,1.244091560006087
104,0,116,315,0.525,315,571,584.765125496313,-2.655834322440387,0.9755364087762947,0.007118431096479124,0.0026349054119445825,-19.457860923134,17.75749065985574,0.006737918391338504,5.067042389100282
105,1,52,315,0.525,315,480,593.4207364916801,-1.348567129865074,1.3187794166983557,0.005214196256570984,0.002599859724619183,-15.311564309154836,29.774884749143414,0.005188492090801673,5.1853621448845955
106,2,74,315,0.525,362,430,620.761431963183,-1.4533143361251586,1.0213066149952992,0.00701775099896008,0.00263400265815285,-32.63222483352406,38.28880478156004,0.007144438891400454,4.467788838161113
107,1,42,312,0.52,312,448,567.9986104145646,-1.395429689968699,1.4483159458126786,0.0057678602902078106,0.002848658388945802,-17.851354438573946,24.982055132896043,0.006113436503930545,3.4384784875546055
108,0,74,312,0.52,314,509,572.2517769820988,-2.454323791401659,1.3800304082143398,0.007433364137186395,0.0029855884598136077,-14.886594618079087,20.971814162175143,0.006861202083079305,5.723622498915923
109,2,35,312,0.52,314,542,574.111615320202,-2.0876754957389103,0.765697384391383,0.007426589935461889,0.0030941071141997387,-21.323456728195065,21.60985809537711,0.00606062615673148,5.679177001426991
110,0,52,312,0.52,329,471,737.3565559051931,-1.5365279919588963,0.8401879616256615,0.00662173784993598,0.0029016413558051405,-11.351420533002067,8.839051091430374,0.007063037407771864,5.258920496085236
111,2,83,311,0.5183333333333333,362,452,600.1928324699402,-1.6055872093856396,1.1250098872009662,0.006880615034419119,0.003345818519465203,-20.96250085796787,0.8822236953194073,0.006647761178742618,5.732245380022137
112,1,33,310,0.5166666666666667,313,444,568.6197366565466,-1.432321009361846,1.3733948126644884,0.007398400845936277,0.003925065336925711,-20.07334099895449,24.193127093328663,0.005709955303895155,2.246091331123589
113,0,105,310,0.5166666666666667,378,404,599.5910245124251,-1.4657125633356545,1.349895633186885,0.007192452270024251,0.0027918296543316323,-6.329917347091133,3.0743348150980436,0.006310106898200646,5.592231076036212
114,0,31,310,0.5166666666666667,310,375,770.9611770119518,-2.1248716661256526,1.4128253411845835,0.006018190782287127,0.002831845399462691,-15.157109939821574,35.10326210390178,0.0074369153564345135,3.116989082993592
115,2,93,308,0.5133333333333333,357,528,597.7116689267568,-0.8444700776151151,1.274493141456717,0.007493790062206057,0.0029301319702768414,-22.5005754630958,8.718793105957026,0.006648322948144177,3.666201507413146
116,0,50,308,0.5133333333333333,310,538,754.7581724058837,-1.7992774818979838,0.3970809148622343,0.00719169799287947,0.002643043768850865,-11.103480311167232,9.098839595418506,0.006296007025465459,3.3675936994269353
117,0,38,308,0.5133333333333333,318,553,771.1554485242814,-2.7736372468591646,1.2927378909994192,0.006578147926678226,0.0028943415219745893,-9.905581592922108,35.49470482224417,0.00730576234791089,4.527472572212219
118,1,43,307,0.5116666666666667,307,436,563.2264197543263,-1.4401777567535474,1.4587473574981524,0.005681636710902927,0.002877043033288933,-16.813778393741746,21.056693332320158,0.006251875139985735,4.772243979300695
119,0,94,305,0.5083333333333333,308,437,558.7305663395673,-1.3604862249262821,1.3219846496024152,0.0073475033535356235,0.003957901341326797,-5.416085648038116,39.671725446718334,0.00696129798507353,4.347885833261092
120,2,95,305,0.5083333333333333,306,502,563.5160948690027,-2.138667180459059,1.2662946530317483,0.006702002195568604,0.0033093936952212195,-15.604575733019956,32.86636842604456,0.007272998060768065,5.297900203180314
121,1,54,304,0.5066666666666667,304,414,562.2697254493833,-1.7184124678218902,1.3631229025720186,0.005326982247951702,0.002717294743270256,-17.919063119962154,20.25963802631976,0.005980533053223546,5.689244402915533
122,1,47,303,0.505,307,558,590.5586120560765,-2.656113873175504,1.1900491757510487,0.005618145520297383,0.002501136184864334,-10.561681338771766,31.392546683793267,0.005570423385160322,5.302126549364015
123,2,91,302,0.5033333333333333,303,530,555.5809632157907,-1.941397308340561,0.9085517969387094,0.007212804733420944,0.003564361763031288,-20.188199136933328,16.94081687390388,0.007172261349492017,5.0570027648314175
124,0,98,300,0.5,300,374,554.933792129159,-1.696726461152799,1.2158287902300426,0.006694168989598648,0.0028011556620300693,-15.160118100884638,38.532856898086514,0.006457208113069614,2.473232756620515
125,0,43,300,0.5,300,513,746.3235814422369,-1.4003818210589247,1.0489693112830765,0.006228813386942443,0.003107208322699425,-19.513013886411102,35.832255732318316,0.0066126532148393456,2.184907016861314
126,2,101,299,0.49833333333333335,299,562,552.9582888511941,-0.6631582073124176,1.360412264585226,0.007339680452742658,0.0029592015704416053,-16.50037980732483,15.322809155220144,0.007349348817159157,3.9178522606897106
127,0,32,299,0.49833333333333335,299,491,743.5706373695284,-1.3939441009057711,1.0645993445061128,0.005938946383041595,0.0027545663607728226,-11.623140380370572,31.42334849776634,0.007104688377905073,2.2410613766786405
128,1,93,298,0.49666666666666665,298,304,553.8034459426999,-1.9820422315720894,1.4618653798504129,0.0072712884697825496,0.0028311823404967794,-11.502796340665466,38.738624603126645,0.006524420480013064,3.350103935488867
129,2,43,298,0.49666666666666665,298,481,559.6026949170046,-2.2501698290624765,1.1905558483359244,0.006918308709440586,0.003040050294306566,-23.822671615749123,12.640523732947932,0.006176904767452472,5.035667476643753
130,2,77,295,0.49166666666666664,298,564,549.050052432809,-0.9420965765058318,0.8854331473998068,0.0067850725869438066,0.002937691906813887,-16.0465706085395,5.612069750313396,0.005459052798163553,5.698887704486778
131,1,116,295,0.49166666666666664,295,574,559.1775312200189,-0.7871502542755044,0.8289002605914539,0.0072965809626991136,0.0025295700420389683,-5.7731284351455745,27.665095797178502,0.007318886550948287,4.085860308392913
132,2,34,295,0.49166666666666664,312,590,592.5859135081992,-2.1699202476704533,0.6830247031901748,0.0072651031295688515,0.004296452980889518,-18.770466993260932,31.080524981812232,0.0061805009931434896,5.668679362070433
133,0,41,295,0.49166666666666664,298,480,750.0520882532,-2.0924331434438184,0.9748257944441273,0.006971522175201649,0.00304290060746936,-7.348727548663778,39.79961752530495,0.006273261513128658,4.846531266198138
134,0,29,294,0.49,294,353,732.3237567488104,-1.8723354173014368,1.1440249899538957,0.007184445208053631,0.0030070255041894267,-14.60284640114255,36.13691287622154,0.007372257905870832,2.608893613852888
135,2,73,293,0.48833333333333334,381,518,637.1641343389638,-0.9194185380812602,1.2383335000302473,0.0074383596851502285,0.0030729406643311276,-19.514035017944884,0.6375224224222631,0.005097713631787883,5.977095772813483
136,0,26,292,0.4866666666666667,319,447,786.171069232747,-2.6548023731399017,1.488766705846943,0.007013034634649917,0.002919218987898333,-26.884331840681334,39.67004905672792,0.007286763609198444,2.5112447793176726
137,1,37,291,0.485,316,533,587.9879587292671,-2.889130693521728,1.3348480982141406,0.006960891799705686,0.0029914539191886664,-29.437037746281625,37.572193089746605,0.005613042266788398,3.0791597271176108
138,1,58,290,0.48333333333333334,290,412,554.1637958735228,-1.2488406696242178,1.4379855680968032,0.00741111960474454,0.0034879376792967248,-10.683348413649552,11.987448672883147,0.005111435805296285,1.2653365298307548
139,1,98,289,0.4816666666666667,289,366,555.9729698300362,-2.0386178817143725,1.1921884484210765,0.006394146614436463,0.0028303545250099663,-14.82744770718249,16.21040144153989,0.005158894661244329,2.709990692796634
140,1,70,289,0.4816666666666667,289,516,560.9753498211503,-2.5034180112670796,0.8869843061542904,0.007436707376781162,0.0028196235055142006,-14.284402634382811,22.334077706378878,0.0052397338720588495,3.2755296004398184
141,1,59,285,0.475,285,487,552.7329194396734,-1.5805553623135307,1.2722365071010175,0.005301107484606793,0.0030135727104211854,-19.326167578837165,33.45396284077582,0.005446649611639468,5.26561189175467
142,1,32,284,0.47333333333333333,304,545,559.9424753189087,-1.1114618357341317,1.254768438548824,0.007409136841767867,0.004162471391672157,-25.746696975316862,29.243317911169335,0.005958360645744979,2.9148463942493144
143,1,115,282,0.47,283,568,558.3763333335519,-2.3201173280161766,0.9959340151897828,0.006464292943752133,0.0032838850899794044,-6.602472068161304,32.19728813514761,0.005459537902977634,4.150031130535998
144,1,106,278,0.4633333333333333,281,564,551.4884057641029,-2.4475977866238736,1.4031791351275151,0.0069272590916204585,0.0034139090808506,-8.703904951801368,38.8255283852263,0.006006554316622519,5.221055010393179
145,0,0,278,0.4633333333333333,299,535,767.7451037801802,-3.0,1.5,0.0075,0.003,-25.0,30.0,0.0075,2.5
146,2,12,277,0.46166666666666667,277,539,552.7603212120011,-2.3157568109786086,1.4749741933144866,0.005746702396804353,0.0035570405777968677,-22.10194074435406,36.43689026324253,0.0052224641007317775,2.7176983592333257
147,1,100,276,0.46,299,582,560.673964843154,-2.7867739222961236,1.2834855606999116,0.00719911163143638,0.003059783774561637,-10.337752848408588,35.827700308182386,0.007084131143395684,5.868105862293486
148,2,56,275,0.4583333333333333,327,517,548.8965892829001,-1.8957139295681753,0.9541215397066979,0.006971796692622931,0.0033703384822468393,-12.460906960311217,7.007944157171799,0.006090221513004986,5.666724217783773
149,1,46,275,0.4583333333333333,277,555,556.6864481419325,-0.9897169257014661,1.1952602203504958,0.0062210844190245685,0.003162414450211802,-15.655612195409288,20.693931647763776,0.006280578338071378,5.112684700995746
150,1,112,273,0.455,274,570,546.3719043508172,-0.732594540089007,0.9534027073186826,0.007177621633386594,0.0026191803470556156,-7.214348597961662,38.05157137305856,0.00581432208873508,3.497694417995399
151,2,47,273,0.455,375,560,628.4217599709518,-0.8937470826936561,0.9367459561313716,0.007351540415862223,0.0025774073982635527,-32.350969777615106,15.304075236405478,0.005088408906647014,5.578930463561506
152,2,108,268,0.44666666666666666,280,560,534.9764259951189,-0.6793926064536546,1.4025730727369252,0.0072012177622271505,0.003176054699383005,-12.101463289674268,13.02758484914743,0.00641573682573231,5.060662714805333
153,2,50,268,0.44666666666666666,276,569,571.8519070982002,-2.4587304373956944,0.8573928075118931,0.006603451306348052,0.0035749954280138883,-33.66387890982707,28.094337558377482,0.0059831146923782375,4.247493404380377
154,0,33,268,0.44666666666666666,268,424,691.0017860624939,-1.883121322095853,1.3987874197679817,0.005572806405383161,0.0030530225494813813,-14.125799964289135,34.20644549815534,0.007319031068926287,3.1309488058755375
155,2,113,267,0.445,268,562,543.0341480821371,-2.613811116824215,1.2416711144958292,0.006885858951414027,0.0030303844564769805,-16.951153614873387,13.017195224989809,0.0068667247111130515,4.496330531119014
156,1,57,263,0.43833333333333335,264,528,542.8145757168531,-1.4166303800742062,1.4908592293351597,0.005540376147468407,0.003542657919713233,-15.008434394308557,31.87842386739173,0.005254062815984756,4.384462426128711
157,2,48,263,0.43833333333333335,278,517,546.0671624168754,-2.2780642525369563,1.2552354763464626,0.00733617327169722,0.0032595368952427293,-10.651415440761696,27.574921980186325,0.006413391599550616,5.838991513196128
158,1,40,263,0.43833333333333335,349,449,599.477618791163,-1.2627169024445775,1.4479349547414844,0.006507784773120285,0.0027949593293770465,-27.36927271213409,38.47006201500593,0.0058749977215273265,2.7014817108111724
159,2,45,262,0.43666666666666665,263,576,540.1518501727842,-2.2759723341973097,0.8101673948258136,0.007009460997238092,0.003437947047630065,-29.213252577526283,4.811512294287086,0.006191141032606473,5.8673942095295955
160,2,59,262,0.43666666666666665,266,589,542.2703646491282,-1.715267063709505,0.2385153288851462,0.007066993796886273,0.0028406434706434026,-8.839206649705343,16.062133083510915,0.005453791841176939,3.7241102365992806
161,0,108,262,0.43666666666666665,301,390,557.135949332267,-1.715272996251839,1.1319191810613645,0.006290675747661528,0.0027281017996241153,-27.8441516543123,30.860212815291003,0.006256420458285658,2.9368645643014513
162,0,44,262,0.43666666666666665,262,500,694.1212688609958,-2.1698084890921816,0.9376322583305519,0.007414237473541275,0.003262770465404711,-7.369948378810945,27.751961908724443,0.0074476039535276576,4.282023626557637
163,0,42,262,0.43666666666666665,262,565,707.5427178032696,-0.7323363565277469,1.4808996214475296,0.006306281977296574,0.0029517150048562137,-22.68068377037626,37.23941320978895,0.0061943294867629044,4.355548614749246
164,2,88,261,0.435,261,473,542.5410534711555,-2.2021873342192824,1.299629387745341,0.0070355474342338855,0.0033239180840278436,-20.43924120727038,4.069743115264149,0.00584197724609641,4.611685194779112
165,1,56,261,0.435,262,486,546.303530305624,-1.0016588914581301,1.4448296246405836,0.00699427525689525,0.003568773561667142,-9.242465657959077,23.530399536776994,0.0053768753610692254,2.5615649986065634
166,1,81,258,0.43,262,575,541.8656544461846,-0.5580666532588401,1.4087967530645429,0.007352547922642482,0.002899481130665703,-8.9096942563782,22.18588705200133,0.006542323533972419,4.670401841309215
167,2,42,257,0.42833333333333334,257,581,540.6224127099849,-2.3876652491092205,1.414663136863235,0.007282873101982254,0.003680056659496559,-26.556022810224277,23.685554910695302,0.005806172657305612,5.9056148515788065
168,0,67,256,0.4266666666666667,256,585,527.7228955645114,-0.5257933300296946,1.073859212977092,0.007483792221885707,0.0025434603259009824,-13.779637266356577,14.6127490480703,0.006584633663476411,4.751745447919239
169,1,69,256,0.4266666666666667,256,548,547.1052504405379,-0.8062077963051344,1.1084292347648146,0.007461375693397078,0.003461036155912413,-16.34669875554376,14.918177395543946,0.005532630192313273,4.532428194641024
170,2,27,253,0.4216666666666667,253,508,533.5683386358432,-1.6590614677751683,1.453060896694106,0.005470659027276585,0.00345229144334922,-20.119976699684837,39.2925678941944,0.005060781826155383,3.34402848356934
171,1,64,253,0.4216666666666667,282,287,546.9754523783922,-2.479370256147459,1.4989277099128655,0.007057123229942259,0.002586487264773767,-22.531094841399213,33.86169337977412,0.005160933987098997,1.7210742491451367
172,1,94,246,0.41,247,572,531.3392685428262,-0.6795012669687353,1.419260256802755,0.0064725056786586865,0.0029773532402983206,-8.492792083165043,38.227421640321246,0.007258963836447461,5.41136829086742
173,2,103,244,0.4066666666666667,244,567,524.3157550040632,-0.7428900472758602,1.0117292051150937,0.007357293544842865,0.0031853879469628836,-20.39097967581504,19.094068693209714,0.006556817586649384,4.718709397253373
174,0,48,242,0.4033333333333333,243,541,651.3025813996792,-1.8656094129188054,0.8940093501478219,0.007143205718752094,0.003902795244079591,-15.599150165621605,15.053946551857477,0.005610753963134343,3.6824452806875376
175,2,26,241,0.40166666666666667,241,473,522.5497649842873,-1.9739560161072294,1.3476154569108771,0.005199797514306704,0.003027004153314197,-20.538516001743936,36.90621124328306,0.005713508789555147,2.3357628830747132
176,2,63,241,0.40166666666666667,242,572,523.6914273486473,-0.8177969540113743,0.6520565196935827,0.007337108476653923,0.002595279711405093,-19.357745996499922,9.847034269259558,0.006663054105513542,5.61639995681193
177,1,34,235,0.39166666666666666,328,501,576.2024556994438,-1.1723988605300946,1.4985697251575951,0.007494828784438023,0.004097973535523175,-25.337731533322398,29.3468392715474,0.005860358382386625,2.214948635411892
178,0,85,231,0.385,238,565,521.9523124080151,-0.8097303928218527,1.3260601894884667,0.005792029012340327,0.002593964543988415,-17.766195787479358,37.84732595217245,0.005897493540047826,1.0969753410029088
179,1,29,230,0.38333333333333336,342,468,589.3779330775142,-1.8558724131188005,1.0863796657429434,0.00743086687887312,0.0038026939307250736,-33.22771406366359,4.657534310989609,0.007159045380059241,3.9982672937454216
180,0,59,226,0.37666666666666665,226,579,531.7553599663079,-0.5660676459218963,1.2374652945322326,0.00702435300632123,0.0028542756051107526,-19.556003334004206,9.761357042102743,0.007400040133622727,5.720041642224344
181,0,37,226,0.37666666666666665,226,576,623.7440288010985,-0.5828186548901755,1.310526789092954,0.006469228208935002,0.002577057832652391,-12.582341729709,27.286192613757486,0.005705720703944775,2.823866240294531
182,0,13,225,0.375,235,576,621.1427218168974,-1.7168160478365513,1.0840828569353547,0.007445543012778734,0.0047935880055651,-10.0156776494666,37.192453059823286,0.007382520611497924,5.095603352215244
183,1,23,222,0.37,223,563,512.8180582597852,-1.694920868375637,1.3192559035089346,0.00745603187072523,0.005445667827645279,-21.88221268934486,30.10320735335607,0.005803217192532181,2.125758445010164
184,0,99,221,0.36833333333333335,221,565,522.8344602268189,-2.384973127243052,1.117589155092185,0.007354268422499491,0.0038134265744008662,-8.100858890855791,36.74707256780008,0.007436507059106859,5.4888333091652655
185,2,0,221,0.36833333333333335,229,516,543.5304843639024,-2.5,1.5,0.0075,0.004,-25.0,30.0,0.0075,2.5
186,1,41,217,0.3616666666666667,293,409,556.2381451427937,-1.9341295070028082,1.1866403264941767,0.005979879792869452,0.0029562464171321067,-31.38848614046509,35.15784309906877,0.005383175371833213,2.7578481442563745
187,1,45,216,0.36,216,416,514.9537807255983,-2.0427264607391105,1.4003361602761975,0.005229620514772821,0.0028029768791507023,-12.812940914188104,25.16326385035453,0.006047097136086321,2.5672951001882507
188,0,76,215,0.35833333333333334,238,448,505.65177022852004,-2.35440502755902,1.4176297782208434,0.007260925445353176,0.0032704112491597622,-11.878847882605841,2.5706375152520646,0.007038025372481332,4.020786406883368
189,2,24,215,0.35833333333333334,215,547,511.4262564512901,-2.3194479592214488,1.2163682785930037,0.0074511473668285215,0.004059903216359872,-19.558672565995717,34.140985803775976,0.007116798487554001,3.6228021853411656
190,0,62,210,0.35,240,575,511.2972693257034,-2.1097566145209106,0.9673677872566968,0.007299070289717333,0.0037092418864477558,-15.08294789802373,9.079736695726094,0.0071117102560630295,5.547008094563219
191,0,79,209,0.34833333333333333,215,582,502.49161472544074,-0.5015456618715985,1.2860690583380792,0.007186539576903496,0.002837546486243928,-9.224286860854225,17.280924206100455,0.007426462600105443,5.209389487923562
192,2,106,203,0.3383333333333333,208,566,498.47849345905706,-0.6442035034785065,1.465223764177042,0.00698525783267523,0.0035732756916982303,-16.995671115279315,3.258353775114537,0.007072651516650459,5.1362021579071016
193,2,52,202,0.33666666666666667,228,580,534.7712690657936,-3.002205482966187,1.094049428143632,0.007345112611513911,0.0031627297892797093,-33.82940254258135,21.986169731534474,0.00598091396198781,4.24431336341042
194,2,16,202,0.33666666666666667,320,372,565.0295922099613,-1.824793801530837,1.2692049040154456,0.0063965021744828085,0.0027636733099608846,-32.87187485451111,6.764909141383085,0.007022463525728861,4.368315643136054
195,2,36,198,0.33,198,569,466.96246392000467,-1.214093682414294,0.5691624170873738,0.006762943937109769,0.003279396854745477,-18.57049894706717,22.401042343593197,0.005456137950145557,5.39304827075089
196,0,4,198,0.33,200,402,584.0565439797938,-2.392961498770445,1.352210528043894,0.006591310454538826,0.0030938084640528326,-6.5512416819837505,6.308079318319622,0.005317841490190044,1.4684292026482633
197,1,76,197,0.3283333333333333,197,574,476.8820259347558,-0.6352930065735841,1.014627678794336,0.007221137368901743,0.0029942379803321287,-15.833001826802771,39.433211295066805,0.006153028320345711,4.450004092322638
198,1,90,194,0.3233333333333333,199,562,465.98110856860876,-1.329621992317769,1.409043435599911,0.00690112343888962,0.004896241893574729,-16.576359851844817,30.136504756011682,0.00555409942523589,4.464148761822972
199,0,64,194,0.3233333333333333,199,571,477.7562556806952,-0.6792352050422827,1.3939018322569856,0.00686207900174216,0.0033775821792796593,-16.496013515842748,33.803665599823304,0.006552229912799227,0.7877986720027799
200,2,86,194,0.3233333333333333,366,541,600.5437514171936,-0.8279854751623794,1.3769110255792607,0.006976446234371766,0.002736599562007033,-29.75622074190706,8.767965387135604,0.006016742226938235,4.429404108043326
201,0,69,184,0.30666666666666664,220,597,527.8598817307502,-2.900102634063339,0.9562548244850374,0.00748885774104957,0.003372804318070089,-7.302140352925242,8.653847983128426,0.006158088453910714,5.973787046975103
202,2,58,183,0.305,187,568,396.3646578118205,-1.1128417016159666,0.4880726204536332,0.006507926937434199,0.002610893558694375,-11.216177193508926,3.3449640816424946,0.006882175927107115,4.639237620163354
203,2,29,183,0.305,289,521,533.0051056062803,-2.462457970269829,1.2010235994861074,0.00650521779122657,0.0033836178121335963,-32.09681710463387,37.64518920327214,0.005214805964253295,2.043530072286524
204,0,14,183,0.305,333,513,780.089191287756,-1.3612847842025673,0.7070909127189102,0.006773609171111191,0.002543250437293575,-34.16854006907275,3.1743467303273074,0.006768979156089891,2.0576541953384426
205,1,49,179,0.29833333333333334,179,559,386.2466501146555,-1.2416082737230376,1.4117914626276569,0.005288568684291674,0.0035000940131137484,-16.664143398083553,33.192423679258184,0.0062737746925997555,4.370304853677
206,1,36,177,0.295,276,553,541.4109595194459,-0.9206744973065153,1.2237532129723403,0.0070338995135156655,0.0033890133524484374,-25.06171837505891,23.916180485719963,0.005644389530468812,2.2812071459392236
207,2,109,175,0.2916666666666667,175,572,387.69896106468514,-0.5529177447751226,1.4268336616715556,0.007466678144916121,0.0037609158935682963,-19.77520488776208,28.62474177633193,0.006536421534836487,5.408463891059879
208,0,102,174,0.29,179,575,394.68439473956823,-0.9686858611446316,0.5020734493746634,0.007317076798124334,0.0030485648803710136,-11.372817585133344,8.91629672613458,0.006874654150299419,4.8169340148506326
209,0,61,161,0.2683333333333333,161,571,376.04238729551435,-0.8787636369632974,1.0995862979915292,0.006718275198301129,0.004025854947823487,-5.635183713227812,35.158452976946165,0.007386250907988236,5.955790981570172
210,0,112,158,0.2633333333333333,180,551,387.5848262626678,-2.2632707404970045,1.3844688649123396,0.0074043607852137365,0.003839644114591433,-15.768681483522078,10.484404040860074,0.0071912622868225366,5.481121245505683
211,0,104,152,0.25333333333333335,152,565,359.06964090652764,-1.1384181158655502,0.7025085547474222,0.0058462553482263304,0.00294919498084574,-17.840280081165368,5.9992754766788785,0.005195492947542216,4.528809527906173
212,0,101,151,0.25166666666666665,152,588,368.25533017143607,-1.4835019757266559,0.3779429239645436,0.006711357544785117,0.003234204838212713,-15.302939843608293,18.884673681692085,0.00746660242691234,5.79317649612609
213,2,104,149,0.24833333333333332,232,484,435.43972728867084,-2.434801508879967,1.2767109504103729,0.007433575962641176,0.0029348186272662234,-11.3067108349596,1.890268572841296,0.0070737932865695425,5.270601576127821
214,1,95,146,0.24333333333333335,148,572,354.72955387085676,-0.6656748375835871,1.258367844774371,0.006647691354657012,0.0034953251598562928,-9.14039457756904,30.894362638797812,0.006266867986926372,5.552624218223617
215,1,53,140,0.23333333333333334,177,555,397.9409690797329,-1.1400320101000287,1.034670438630396,0.007187074315272282,0.004299626815148488,-16.590497893179215,10.173593132515547,0.00579925691916331,1.1015853916456775
216,2,94,137,0.22833333333333333,137,578,345.7072106571868,-0.5286210350395766,1.2732315728206824,0.007363468150436067,0.0037052380332557163,-18.712644070001033,9.578737835603645,0.006137775433983363,5.421323535733212
217,0,25,135,0.225,159,582,493.9533703997731,-2.055072736157069,1.2476772484016276,0.0073746359653230256,0.00435909516996265,-14.39593015803644,35.63821301130406,0.006870028267780107,5.545507714534163
218,0,21,133,0.22166666666666668,137,595,479.9258087724447,-1.5328257667462175,0.38908456035694045,0.007417695557854448,0.0044623763630255615,-10.414500279999292,7.959119607043747,0.006954072731305102,2.963369634123233
219,1,10,132,0.22,200,591,496.71926767379045,-1.735519696069412,0.7084459870056374,0.007277060951532285,0.005750888160761813,-31.385780888317232,21.172825385845897,0.006923116973120451,2.568046669703448
220,2,62,131,0.21833333333333332,136,571,342.5580317750573,-0.7992837742522745,0.7142481354135062,0.007363887187387839,0.0034858948841507385,-9.605023084570373,20.976796564513325,0.006821394653001676,4.970619894613902
221,1,27,128,0.21333333333333335,134,569,417.6723813191056,-2.883792348916599,1.158663395368825,0.007391441783509932,0.0037005527646790538,-26.660913442627233,19.050676952563894,0.007211246021097884,3.0978993779098256
222,1,62,124,0.20666666666666667,124,574,336.32316616922617,-0.751192753133447,1.006116605926297,0.005582651348590903,0.002739654877844236,-15.555457589615102,26.77063097799747,0.005051636597980468,5.453455203626739
223,1,80,122,0.20333333333333334,122,557,346.2126563563943,-0.940134298366433,1.350429716126028,0.007143038250952348,0.0049233314023849496,-5.673116657104833,27.862513718433004,0.006400454319713881,4.653812215380032
224,1,0,118,0.19666666666666666,122,555,433.969413369894,-3.0,1.2,0.0075,0.0035,-25.0,30.0,0.0075,2.5
225,1,39,116,0.19333333333333333,116,579,396.36328472942114,-3.244639586159635,1.3411518989239453,0.007306107088274239,0.003049223717129465,-16.116211580899293,34.19351752570079,0.005146808937355144,3.5982514694135865
226,0,107,113,0.18833333333333332,114,588,330.66637440770864,-1.3552681079171607,1.41013490561655,0.007141964425717952,0.005697627377922707,-19.452471237910345,39.447753919781974,0.007053291160634223,5.530473116033708
227,0,87,105,0.175,128,559,346.9518566336483,-2.074284485445267,1.3603323723346328,0.007395462839543584,0.004597551324158141,-12.25960085980515,8.81138554124192,0.0070666732508120255,3.685447669223658
228,2,28,95,0.15833333333333333,95,570,307.9282680088654,-1.1579516260144147,1.4484659396873847,0.0051199368680107,0.0038291120160084124,-22.838051638103654,37.39328623543963,0.00502318784188076,4.030038309702103
229,0,90,94,0.15666666666666668,99,577,308.0647085364908,-0.5020546625860938,1.2302772590995326,0.007177295936080916,0.003644845681182976,-12.504170940929136,13.185082362275855,0.006745033620327563,5.636972579157588
230,1,97,93,0.155,93,581,376.6006491854787,-3.095172531842468,1.3208117847859446,0.007199250505296979,0.003417362815282825,-23.352429010154278,26.627367214590027,0.006405085187973334,3.8122597450157922
231,1,84,87,0.145,96,589,379.42221086472273,-2.873419353864854,1.3106166193366333,0.007022233272657847,0.0038872011091347653,-10.22799879930375,30.518382456719927,0.007275954409876176,4.852054031686554
232,2,15,85,0.14166666666666666,184,575,396.47317636711523,-0.5730975890870802,1.3026888725008665,0.006118011517993597,0.0025682921825189247,-27.086470368028383,27.823018175899968,0.007429463751104577,1.6933227645593114
233,1,60,83,0.13833333333333334,91,577,309.407303661108,-0.5549923255266288,1.4752844650117511,0.00529534551163011,0.0026919672696151583,-22.661920703757875,27.63061633086761,0.00579645170515467,3.1612544308400934
234,1,31,82,0.13666666666666666,271,445,528.6835534349084,-1.1591470880756471,1.3453402230897882,0.007075930840627326,0.0034180906274620866,-34.8308292213264,3.546917582644727,0.007256930912309262,2.2151817481012825
235,1,48,77,0.12833333333333333,77,579,304.09727317094803,-0.6207680136401938,1.0900881851112583,0.0055124950819454635,0.0026993863381861677,-12.394707799435038,15.723155219609609,0.005530313248853675,3.638492295068113
236,2,114,70,0.11666666666666667,202,583,452.11708633461967,-1.8098877113881318,0.929371147194972,0.006949409502375272,0.005280757338648049,-21.259409608689836,6.507069717221679,0.005455233271897774,1.586886109926397
237,1,30,69,0.115,72,574,300.53836204111576,-0.8281044988832928,0.7725755524797584,0.007183171771094581,0.004315423526421171,-33.053770039105814,9.870773178648353,0.007051389753543695,5.050533021986659
238,1,3,69,0.115,70,592,309.77135875821114,-1.226349796287777,0.6770391619216674,0.005922522055457677,0.004317157104542806,-19.69368726984541,31.60861466133317,0.00651192468925094,4.289790132721853
239,2,33,66,0.11,66,578,351.52662792708725,-3.124233983308443,1.4559614718824263,0.005988581883360219,0.0026977476246519976,-18.078148724191998,35.66776437243773,0.005056511591191995,3.468301262774861
240,2,46,65,0.10833333333333334,66,596,349.46845183428377,-3.0949861922724193,0.8252782618965129,0.007389192885056658,0.002687540389833585,-22.122368201986767,2.3770914246703683,0.005384264487977142,5.505608183666456
241,0,28,64,0.10666666666666667,210,380,516.283277861774,-1.5174754454900448,1.3588709165613042,0.006609598347587381,0.0035954556436797146,-33.91401272356786,37.19697221219872,0.006681430642857233,1.2023011798577432
242,1,91,59,0.09833333333333333,59,575,303.18563278764486,-0.6691573771258505,1.0944207842147629,0.007209087928025485,0.004535351186445498,-7.677747778016517,30.527141154136668,0.005369176113793761,5.945192408248455
243,2,22,58,0.09666666666666666,209,518,438.4035634929314,-2.4312802204836195,1.3205807167851553,0.007152611704019828,0.004252596724467279,-33.5763645374984,7.516899289176832,0.006108590536082783,2.5547079006618776
244,1,38,51,0.085,62,595,351.52279395610094,-3.4543419191534617,1.251575707891722,0.007239847270304287,0.0026093307761431554,-32.098888933383606,28.806142737442947,0.005568716234535397,3.808275559807428
245,2,69,44,0.07333333333333333,63,584,297.1809342219494,-0.7123097128215518,0.40315744208656923,0.007139091646119874,0.0025149925095726542,-31.14212402260705,6.845192323869476,0.0060718739628447885,4.727426304342881
246,0,93,44,0.07333333333333333,46,598,338.4214493650943,-3.626375746715543,1.4535893984488488,0.007180539260619205,0.0027302904190213673,-10.183892649522347,12.238285403575205,0.007397690608321262,4.699296633725403
247,0,36,43,0.07166666666666667,79,579,354.64349404349923,-0.6830342013626995,1.1513856210195832,0.0058190880573045145,0.003289164704237216,-30.266226747716114,31.162272440259088,0.007494028865492649,3.265700707721922
248,2,65,39,0.065,39,596,340.0444973409176,-3.1351452289260004,0.8334605222236513,0.0069989598251865084,0.0025955481148738687,-13.05568611272435,15.182322624265776,0.006135146261595939,4.876578017951335
249,0,81,36,0.06,36,598,346.2837204467505,-2.5832034007659783,0.8850182676804134,0.007415335867650857,0.0044374954081542965,-24.643487337013774,20.75904477436818,0.006284821053149109,5.417732164271077
250,2,14,35,0.058333333333333334,35,596,294.6668790448457,-1.5136738408139854,0.5348170165384502,0.005739762416668865,0.004617510893044834,-16.241796387836555,25.66444125282815,0.007098021137218191,3.5465098941157405
251,0,49,34,0.056666666666666664,34,586,316.79219328798354,-0.5617547364341133,0.5964403879520057,0.007010305941973875,0.003467792587094756,-10.072915075504289,25.87558809164441,0.0058729775262081705,1.882263218321346
252,1,19,32,0.05333333333333334,43,592,303.0167806893587,-1.533358089343957,0.44251596579626173,0.005523410976899335,0.00371706922138454,-33.14557187451938,25.41424352367479,0.007421459282775042,2.3058669542960644
253,1,7,30,0.05,31,580,348.5440102517605,-2.0531789772055333,0.31547556706548463,0.006233168058291554,0.002743854359023277,-18.613215998574773,37.998799154990394,0.0055795634982943945,1.521979131701779
254,1,63,29,0.04833333333333333,29,580,346.24053667485714,-2.58580443814843,0.9723191928749235,0.006760135985285521,0.003997831010859692,-23.668640790149606,23.243685773738477,0.005120565642025343,3.5681158640818125
255,0,10,27,0.045,27,600,318.31281897611916,-1.4953886324131602,0.4660300794625537,0.005442644673737944,0.004407811740120645,-33.32957234539512,17.689328194075262,0.00654587817087844,5.241147569610344
256,1,28,20,0.03333333333333333,30,595,290.7401889413595,-1.2303116506783476,0.6928819730099655,0.007414012083955896,0.0062972837368934585,-24.59271474901969,30.51686733243629,0.007484574017922829,1.55496436201409
257,1,26,20,0.03333333333333333,26,592,297.4914281144738,-1.0099545982513887,1.3982980012701378,0.006551170963521365,0.006276977044051894,-26.469201426564787,35.52373313054878,0.005929756544766344,2.1349474282038265
258,1,50,20,0.03333333333333333,20,599,329.75835528969765,-3.3912692888521403,1.4634792378513175,0.006436902385933375,0.002975602756584798,-17.20127477015649,14.07726845563825,0.005805325913479534,4.3535564091367585
259,1,83,19,0.03166666666666667,19,600,337.9979919195175,-2.948068557151965,1.1163631092343733,0.007197860846059148,0.0038698078832821317,-6.180304886539217,25.633705499050873,0.006463996117762931,5.792816956408744
260,2,41,19,0.03166666666666667,19,598,341.15153334708884,-3.0150176501841495,0.6601350947474535,0.007474458920935767,0.0028769091961984303,-23.520591668275507,16.44090377092698,0.00614163754769985,4.450362717543573
261,2,4,14,0.023333333333333334,14,591,281.8899827231653,-0.6727801373820332,0.9313590501135469,0.0067017071240178284,0.005914616544357433,-18.050301751120216,19.02904768644398,0.006462702850970367,3.5793875433616815
262,0,1,13,0.021666666666666667,13,594,318.49473334662616,-1.3667528986345703,0.968187923563244,0.0062489086885466295,0.00575382683202281,-13.627533076577478,3.5842158543695377,0.005919399722247249,1.9495006128901369
263,0,45,11,0.018333333333333333,11,599,374.69214155338705,-2.3335357233415706,0.48515815266002527,0.006935709263174358,0.0037415054003548547,-6.899561657670767,24.838648264567315,0.0059991769571629714,5.6537680275213855
264,2,11,9,0.015,23,591,285.46773186000064,-0.6270514345209337,0.6521343893957943,0.005682340847309536,0.003874712117604413,-28.74955104864044,9.118934902064128,0.005522225049012764,3.1220861417125207
265,2,70,8,0.013333333333333334,8,600,304.36354907788336,-3.8527998008728344,1.2475177159608875,0.007246744508684475,0.002651965652758231,-31.71427991242703,27.14948349898895,0.006084176823418696,5.869257455458733
266,0,17,8,0.013333333333333334,8,598,306.9365309588611,-0.5503442943728265,0.6585025150038114,0.006609074985590829,0.0063149067235784215,-22.74620698147465,27.6465851132199,0.005043659958035389,2.75620177035292
267,1,8,7,0.011666666666666667,7,598,280.1604188159108,-0.5304288718434549,0.21769205146439435,0.007477245939983413,0.006095530208299326,-5.7839167007603045,29.23060411836309,0.005410307632614051,2.3449112704382853
268,0,70,6,0.01,6,600,297.0992826092988,-3.344524194521633,1.3948481001598791,0.0070787965332473135,0.003745884335724098,-20.762028786242578,17.257933746887264,0.006922143188226672,5.806394275241504
269,0,12,5,0.008333333333333333,13,597,325.44830490089953,-1.1253628782621403,0.9844696490480477,0.007441964603202204,0.006100630730804359,-10.24778163340483,3.070034198176557,0.007001796539811363,5.169649764352526
270,2,90,4,0.006666666666666667,6,599,304.2277941238135,-3.9092392712222335,1.4661017018577303,0.007497694220896474,0.003038592140099412,-27.355465631283515,6.084113246145142,0.005486011598322101,3.1276996080928403
271,2,60,4,0.006666666666666667,5,599,305.2210252257064,-2.5851970921059113,0.41464136059616374,0.007383928611706482,0.0033766540295279415,-12.092344295556009,4.294082096900867,0.006370302143118924,4.8384599341211185
272,2,40,3,0.005,3,600,268.57507265685126,-3.384905332771176,0.9191688898078145,0.006624284829313556,0.002914881360545838,-31.593727738837178,7.264505564366772,0.005429638122886537,4.780729014282547
273,2,78,3,0.005,3,600,299.4887124458328,-3.07345047930601,0.7628095705094886,0.005868095026135836,0.0026338516520166355,-14.763174785385193,38.47046549013662,0.007192112894806453,5.396027327243249
274,1,102,3,0.005,3,598,304.7947078049183,-3.99071889731559,1.4255156689396866,0.007368228971629761,0.002874945190120403,-7.7322764229717595,15.095152332306897,0.006399407018092298,3.5286573994451915
275,2,75,2,0.0033333333333333335,2,600,279.3842116589658,-3.001362286078561,1.0393056172874535,0.006487173129187627,0.0038076685905628492,-24.231675875696347,25.434754812530137,0.006772476246555095,5.266173585839362
276,1,104,2,0.0033333333333333335,2,599,290.7436903938651,-4.100569873626535,1.3616737621018682,0.007331513072578866,0.002607500856467543,-18.71183464295367,27.40241786657769,0.006270378882272217,5.2202761285426815
277,1,22,2,0.0033333333333333335,2,600,292.4955699890852,-2.1772741784262704,0.2823038457082661,0.005642688395033438,0.002881450821512813,-18.120584501651553,38.62367918926595,0.0051979802653258095,5.9088471907235585
278,2,55,2,0.0033333333333333335,4,600,309.8849456971511,-3.044904238335623,0.9712895547438113,0.007443539213537907,0.003932653277909384,-15.8511714392535,5.459206672146609,0.006424649352026273,5.106915727319447
279,0,35,2,0.0033333333333333335,2,589,310.178348146379,-3.2063160553977283,1.3505148158306162,0.005522892162090688,0.0028257399324817384,-19.244851396051068,34.15479568822415,0.00621116819084483,1.1059300998956458
280,2,31,1,0.0016666666666666668,1,600,260.19312475901097,-3.7777996374836342,1.2158580931535303,0.006889421346466258,0.003140147126559775,-10.642526009633741,23.307460815233988,0.005870753985169671,5.297620883827466
281,0,57,1,0.0016666666666666668,1,600,265.8134779445827,-3.6163266399957203,1.173487093173745,0.007057447030223081,0.0033372386298350376,-19.298457136955506,9.944882401938102,0.006886014034577205,3.9473069058358554
282,2,20,1,0.0016666666666666668,1,596,270.792786618229,-2.794269119069134,0.5571317925685333,0.00690426144657378,0.0032512888498054324,-5.060459701563609,29.61439123797862,0.005450371010914495,3.249586072229198
283,1,1,1,0.0016666666666666668,1,593,277.08062492311,-2.261134060451905,1.2095968719759438,0.00566970199241216,0.004529010972726361,-18.331935311025816,19.404924998091325,0.007019663247436539,2.4657096115900208
284,2,17,0,0.0,0,600,114.7149049770087,-4.842154751480361,0.09842468134729249,0.006536872532024726,0.005028898940646148,-26.080342560219155,9.568212452722115,0.006529444850747353,5.419548054146176
285,2,21,0,0.0,0,600,115.22706691501662,-5.875391662420907,0.45496751327021784,0.006247873073418781,0.0032418088198609488,-12.562437806054028,22.63911596920228,0.006885045477440231,2.2246041159412915
286,2,19,0,0.0,0,600,115.358508720994,-4.791063692519637,1.096626863007696,0.005925128363163856,0.0051137819455205746,-28.93084834042207,34.244021111426036,0.006950211411390203,2.6414749049711124
287,1,12,0,0.0,0,600,115.59015163779259,-3.5120854496132905,0.1579962637060426,0.006011808092426284,0.005646938146962155,-9.15420030071121,12.296486352198293,0.0052046376150728345,0.838427031561696
288,2,5,0,0.0,0,600,116.1763025848195,-5.455360244794039,0.2210099667473171,0.005436239517652231,0.005349742670290417,-20.399082923472857,9.298289302706294,0.005210658892315615,4.164191278176003
289,0,100,0,0.0,0,600,116.96642344072461,-3.8674429135780826,0.19759259678229768,0.00618595947296929,0.004339977543596795,-11.086669346486255,20.945185625039784,0.006383203606141082,1.753052313063691
290,2,13,0,0.0,0,600,117.0333111770451,-4.5152405185280555,0.0990588790749759,0.005098744075969038,0.004213833536698328,-16.685765816685365,8.291801653615076,0.006288945544678081,3.3780183769111347
291,1,2,0,0.0,0,600,117.40762421488762,-5.265791693731862,0.7940296562455774,0.005282499821748883,0.004019422424685285,-7.24085350953095,31.711282923124667,0.006937333330404919,3.921157930451823
292,1,21,0,0.0,0,600,117.69509761035442,-5.603655488943752,1.4606678051556,0.007396966216446306,0.005649962870323123,-33.113386660546276,23.05666035923011,0.006772758093631691,4.877223480737352
293,0,96,0,0.0,0,600,117.78055673092604,-2.546185227749447,0.1464871199842459,0.006961162560440403,0.00619882626330637,-12.877754860467995,30.330334677634387,0.005643999086218162,4.733476160923005
294,1,15,0,0.0,0,600,118.35074991732836,-3.6828716127428627,1.3254389325609224,0.006237917495965262,0.006475089069640972,-27.93006068541486,1.385600309742939,0.006694575899159232,1.0307727478130047
295,2,7,0,0.0,0,600,118.55251362221316,-4.3085447104958146,0.1901017163409332,0.0059607408680338566,0.0032586797396810057,-15.209966114204931,26.603056019662787,0.005820134871842638,4.229081129691112
296,2,9,0,0.0,0,600,119.20174833480269,-3.6716807767498567,1.370848414763688,0.005461858208856212,0.005277968472708125,-31.694149307196927,32.79606007498671,0.0058845548689644206,2.2784647800216695
297,1,4,0,0.0,0,600,119.48936063051224,-3.4916448739014734,0.13151972318582694,0.005592098406908778,0.002503949474770061,-29.186003880600833,16.084326693767633,0.006227441576910719,1.1541090967155176
298,1,13,0,0.0,0,600,120.41616039723158,-4.4126410223019175,1.4144564532842896,0.006974045616023915,0.005251567066920008,-16.470007457293004,26.700423833034897,0.007078729602509902,5.077204307387013
299,1,16,0,0.0,0,600,120.47392404079437,-5.88178132731876,1.0762736017421248,0.0064031044992682185,0.002505658768918701,-34.33963994214508,26.49694434127062,0.005128095863652261,1.616758608338202
300,2,2,0,0.0,0,600,120.77145345276222,-1.6638145469112615,0.30929231370257054,0.00631472173822033,0.006488780554669045,-25.526126827245673,7.260656715088567,0.006126114271665194,5.829070809762316
301,1,18,0,0.0,0,600,120.77158668637276,-4.063239899584403,0.75867466022519,0.006141261953991187,0.004175586114769989,-34.83665165057715,15.74680131934349,0.00563049802558551,1.771458935734422
302,2,8,0,0.0,0,600,121.46931320102885,-2.0725341087192817,0.32144400431729264,0.006351311212468845,0.005780241208608967,-34.185918857696144,21.03375799485401,0.005094977114565946,2.7921333932354107
303,2,18,0,0.0,0,600,121.73916539084166,-3.619729462707087,1.0917267284676146,0.005525971029970325,0.004579807596682233,-24.69338831731357,36.213619675074376,0.006979038453520667,5.605900317786769
304,2,23,0,0.0,0,600,122.23720655497164,-5.446394454600611,1.3893878086743146,0.007436786282891043,0.0038171643145036337,-25.236107903264156,38.21606377224814,0.005872423538887407,4.661675452054223
305,0,106,0,0.0,0,600,122.30503455922008,-3.751529128107747,0.24635484987149103,0.007244154673148467,0.0042680654825090715,-13.20090243615308,2.342258928749864,0.005053027089239193,1.2605140037243672
306,1,17,0,0.0,0,600,122.63936959207058,-1.8972633735279345,0.08467634709200589,0.007295289844788879,0.005870040205053103,-7.496641440275276,20.096072212391874,0.006951001701327109,4.794945089487213
307,2,10,0,0.0,0,600,122.98132912581787,-3.7376358708063298,1.457708670427852,0.007168754426175001,0.006138904153467219,-5.634909247308872,21.901022082482996,0.007305415722524338,0.8077742213140804
308,1,11,0,0.0,0,600,126.19436728209257,-4.32997706077095,1.173826341591605,0.005116180362124596,0.003018093712237456,-19.724582310689414,26.366293852363828,0.005128256533968229,2.0736228409519875
309,2,49,0,0.0,0,600,126.20739919692278,-4.619472348751592,0.9094610025647674,0.007220669966132455,0.002869609666916033,-26.684759868648797,28.96416419930072,0.006696213656409428,3.6167515393767036
310,2,6,0,0.0,0,600,127.02106678020209,-4.139919961971725,1.2711672995293561,0.00529705911756505,0.0028613047746927473,-9.328776957067333,6.337190803545966,0.005230185701341284,3.0744519063703475
311,0,80,0,0.0,0,600,127.25723689422011,-4.353467896721922,1.135101681725933,0.007370131229218438,0.0039240378708593465,-12.791633159946215,21.6408037123877,0.007166750027730663,4.7847130050414854
312,2,68,0,0.0,0,600,128.01170717505738,-3.202859320207371,0.23790779681049906,0.006422882844201648,0.0025216653142213627,-10.590979456606272,24.54018793777449,0.006304504019622821,4.945523448887938
313,1,20,0,0.0,0,600,128.09611026197672,-2.2489451882547282,0.7101245051931765,0.005348196717265146,0.005128113162920016,-6.856984746671028,37.920531845590695,0.0057871457641852815,5.904210832561323
314,1,5,0,0.0,0,600,128.19762808829546,-3.675529515555122,0.8186183360224683,0.007315970146618323,0.005017521189794489,-7.23003588795083,7.927757895626523,0.005205044349882312,5.701716386080694
315,2,32,0,0.0,0,600,128.21757599990815,-3.8334967713102177,1.0113195469644713,0.0074300202597848645,0.004658137188840575,-26.45235659783672,19.673566566309,0.00709094327236017,5.502710883854856
316,2,115,0,0.0,0,600,128.67495002178475,-5.096671916164758,1.2061722466758507,0.00743798379388997,0.00306307981346283,-28.478374332050716,8.718688061092575,0.006915702077167366,5.55972326311743
317,0,83,0,0.0,0,600,128.95780090987682,-2.9622799799184345,0.4113451383818761,0.00682972733650054,0.005413582539823656,-22.155842445283675,29.44336378094436,0.0072775749079568835,1.5614800801350326
318,1,25,0,0.0,0,600,129.01426592469215,-4.162439975112011,1.0467340384561994,0.006919395492566723,0.0038222324593384883,-27.38366475836653,38.51167625970072,0.007390418661860541,2.0717087075627405
319,2,79,0,0.0,0,600,130.03096354193985,-4.537872102708442,0.8602412896300501,0.007436778227043483,0.0047637577394094455,-9.459857629583981,28.18156433064042,0.006358642818330618,5.555892903774427
320,2,81,0,0.0,0,600,131.35433857981116,-4.44783840544911,1.1930260402417832,0.007186170115374104,0.0030896081699895743,-15.224491657241902,34.472975615870574,0.006870853888735833,5.65141927627045
321,1,6,0,0.0,0,600,131.68034205585718,-4.096561082926236,1.3370090593486261,0.007220004293349621,0.005479655397917041,-21.28336838128033,27.428628856457014,0.006239382529592782,3.897240218266036
322,2,1,0,0.0,0,600,132.22617488820106,-3.9389607334966192,0.5687522054226551,0.007171305129692522,0.002695523772030569,-33.10599544913934,4.243462224119282,0.005229197469414513,0.6190099719845623
323,2,3,0,0.0,0,600,133.26212148880586,-3.382254471789407,0.829874710960705,0.006900508118545174,0.004346530013730622,-24.799490502993415,36.17734700032682,0.005191506427216582,4.048325579854774
324,2,66,0,0.0,0,600,136.9307592571713,-3.0735970449671264,0.356751173795594,0.007474555208968751,0.0034895335671427494,-7.198497606503546,20.231026610601894,0.006107896276588419,4.914159888727044
325,1,24,0,0.0,0,600,141.18667174875736,-2.638205279762256,0.7066832525684297,0.007419612647698276,0.006063049548271009,-28.559047157914186,14.831556611226393,0.006545686064234815,2.9450493725190947
326,0,16,0,0.0,0,600,141.59302501939237,-5.873138591425153,1.2268711542127653,0.005663183087695246,0.003503602763506572,-21.1675104712954,15.741635224763924,0.006306854026021802,2.6149315221281246
327,0,22,0,0.0,0,600,141.78033332899213,-4.179510388133871,0.45620800715092796,0.007185967365175902,0.005004131368151823,-34.50619494665092,11.878217305636545,0.0068503030038535835,5.360839944091134
328,0,3,0,0.0,0,600,141.83067201450467,-5.76327608906535,0.7678172682523426,0.006336611621966283,0.005589014152900947,-16.92863217720867,8.286392424090181,0.00713645947344827,5.397956917940889
329,2,112,0,0.0,0,599,142.07857842510566,-3.793014857978724,1.2697951768677975,0.005280800156465048,0.0025065494800198098,-18.789616886709965,27.203757965716317,0.0068316599021417115,0.941663629969165
330,0,5,0,0.0,0,600,142.27421383932233,-2.1522540583441145,0.29965034713983285,0.005513643269169797,0.005721302219725326,-29.778767198366634,15.38481216460498,0.005953344098800178,3.1698925469325316
331,0,19,0,0.0,0,600,142.28953971900046,-4.997295538844426,0.1482691200261443,0.006699371921242833,0.0027269383727206173,-5.0191082730616365,19.535866658371994,0.005163172695052136,3.778342264273038
332,0,6,0,0.0,0,600,143.5423349570483,-4.567510559811382,1.2706049135314301,0.00596437280307435,0.005208782390511992,-16.21673447037823,37.419555075136664,0.005247972422401577,5.700492863896347
333,2,37,0,0.0,0,600,143.80720554711297,-3.232225678126188,0.5010597933800264,0.0069601061647069805,0.0029359660979463176,-20.930363075342324,27.495330593722013,0.0069233105442107765,5.962815933383093
334,0,8,0,0.0,0,600,143.82636319100857,-5.8281888334461245,0.06445364614437867,0.005060877320530676,0.003434312432868729,-26.805383907468702,33.008230940709446,0.006323925249394334,1.2509909769840142
335,0,9,0,0.0,0,600,143.8824975360185,-1.052417731631781,0.09645332112745719,0.005631075788350478,0.005644162024841392,-13.54027450897048,0.9729605651855582,0.005062593439937604,3.3694242345560537
336,0,11,0,0.0,0,600,145.59618871845305,-4.036260609851304,0.37577081229572007,0.006875738985862977,0.004749293807113435,-25.44661636797649,7.780256484376175,0.006254267834878277,1.5061278028249203
337,0,20,0,0.0,0,600,146.91009937785566,-4.478152482560781,1.2370891585391115,0.0065193983429688365,0.004349894605705268,-16.193065971237665,7.011538540629329,0.005380452299388428,0.781244418720822
338,0,7,0,0.0,0,600,150.21268992312253,-4.009624628640011,0.9099457371971661,0.0063860049623555345,0.0038705191157297567,-33.087273036179,6.488976675133204,0.007015165945671659,5.93061122310685
339,1,9,0,0.0,0,600,150.96089494228363,-2.4852679053556663,0.45622989855332546,0.00715611052596876,0.00484706790729443,-11.265422676593541,12.820681201652379,0.0066948758058012385,5.452298232133904
340,0,15,0,0.0,0,600,152.99599215760827,-3.927060662282106,0.27526666383902987,0.007276025888639608,0.0036490392307622454,-27.436818258551135,37.717156260412445,0.0051447322076169175,4.8176663885240005
341,1,61,0,0.0,0,598,154.66748119145632,-3.7353768450156233,1.4490181955659605,0.0064252211350089095,0.0032668414328894417,-17.429920997342634,21.41350166241605,0.0054424261548747434,0.9141865839540015
342,0,18,0,0.0,0,600,156.2187962755561,-3.510005027474155,0.7708550761657753,0.005048706625533538,0.0027693979787848026,-14.723762576792076,28.967592395237403,0.006964854388250591,5.33330294746953
343,0,2,0,0.0,0,600,157.72719542868435,-4.857504373426494,0.635958779691486,0.006658272769010598,0.003440045422086169,-11.750480495075578,32.36108691072022,0.007351601433248949,4.6027590126959055
344,0,23,0,0.0,0,599,171.83400947600603,-1.8186928180096533,0.5996997867473536,0.0052006939316262026,0.004619280493619355,-10.827401642768084,32.68402136834434,0.007210560680952114,1.0068040425679583
345,0,39,0,0.0,0,600,172.9042881205678,-3.34849392531427,1.3973092696942095,0.006005725563894721,0.004055334415763777,-16.224397721668844,26.05198179518964,0.007312238657167547,1.212271685339195
346,0,27,0,0.0,0,600,175.32579120621085,-4.099423866137261,1.4444273743214604,0.007207152291281055,0.0038791422109694393,-25.525768306121794,29.188061534488934,0.007438139266331481,2.9113973927201906
347,1,14,0,0.0,0,600,175.66670199483633,-2.11168858710336,0.9702988639366874,0.005808292023898879,0.005151808060303097,-5.344640075249927,31.634712826806588,0.005082394257447942,5.843434079295756
348,1,51,0,0.0,1,600,193.82515812665224,-3.8010298269785956,1.3208388595484541,0.0056715950992325456,0.0026949708839261216,-9.174415343388327,29.54959110006297,0.005864239162609758,5.450597667161983
349,0,86,0,0.0,1,600,219.76986059732735,-3.31425729897596,1.3879669245520985,0.006999150907541999,0.0045354150975973305,-7.954680687767204,12.331043415353971,0.007317841680834947,5.572354606595251
350,0,68,0,0.0,0,600,224.65056488849223,-4.280054195574402,1.1943883007712157,0.007353700377623289,0.0026725714496149567,-19.965803669653486,9.314671810684514,0.006868569944609768,5.481699789783922
